{"initial_reset_timestamp": 1567687414.7203386, "timestamps": [1567687418.3502178], "episode_lengths": [88], "episode_rewards": [-88.0], "episode_types": ["t"]}